supplier,vnr,ean,name,cost,retail,unit,note
Ölgerðin,,,"2,25% Tuborg Grön 0,33L dós",189.02,269,stk,
Ölgerðin,,,"2.25% Egils Pilsner 0,5L dós",133.73,189,stk,
Ölgerðin,,5690542008302,7-UP Free Pink Lemonade 033L dós,106.57,159,stk,kassastrikamerki:5690542018844
Ölgerðin,,5690542005486,"7UP Free 0,33L dós",106.57,159,stk,kassastrikamerki:5690542015591
Ölgerðin,,5690542003925,"7-Up Free 0,5L plast",162.8,229,stk,
Ölgerðin,,5690542003932,7-UP Free 2L plast,375.14,449,stk,
Ölgerðin,,5690541008365,"Appelsín 0,275L gler",174.25,249,stk,
Ölgerðin,,5690542005349,"Appelsín 0,33L dós",106.58,159,stk,kassastrikamerki:5690542015270
Ölgerðin,,5690541002363,"Appelsín 0,5L plast",162.8,229,stk,
Ölgerðin,,5690541002394,Appelsín 2L,252.75,309,stk,
Ölgerðin,,5690542005356,"Appelsín án sykurs 0,33L dós",106.58,159,stk,kassastrikamerki:5690542015287
Ölgerðin,,5690541003360,"Appelsín án sykurs 0,5L 12 plastflöskur",162.8,229,stk,
Ölgerðin,,5690541003391,Appelsín án Sykurs 2L 4plastflöskur,252.75,309,stk,
Ölgerðin,,50413973,Britvic Tonic 200ml x24 glerflöskur,124.77,179,stk,
Ölgerðin,,50413874,Britvic Ginger Ale 200mlx 24 glerflöskur,123.86,179,stk,
Ölgerðin,,50413881,Britvic Ginger Beer 200mlx 24 glerflöskur,124.77,179,stk,
Ölgerðin,,5690542004465,"Bríó NR. 75 Non-alcohol 0,33L dós",250.9,349,stk,kassastrikamerki:5690542014389
Ölgerðin,,,"Carlsberg 0,0% 33cl 4x6 gler",156.44,219,stk,
Ölgerðin,,,"Carlsberg 0,0% 33cl 4x6dósir",103.69,149,stk,
Ölgerðin,,8710398526373,Cheetos Big Chipito Sweet Chilli,220.09,299,stk,
Ölgerðin,,8710398522733,Cheetos Chipito,307.89,409,stk,
Ölgerðin,,8710398527691,Cheetos Cruncheto Sweet Chilli,242.07,329,stk,
Ölgerðin,,8710398517920,Cheetos Goals Cheese,220.06,299,stk,
Ölgerðin,,5690542008661,"Collab Acai og Granatepli 0,33L 4x6dósir",238.91,329,stk,kassastrikamerki:5690542019278
Ölgerðin,,,"Collab Ananas og Kókos 0,33L 4x6dósir",238.91,329,stk,
Ölgerðin,,5690542003956,Collab Ástaraldin og Límóna dós,238.91,329,stk,kassastrikamerki:5690542016116
Ölgerðin,,5690542007749,"Collab Bláberja og Rabarbara 0,33L dós",238.91,329,stk,kassastrikamerki:5690542018004
Ölgerðin,,5690542007725,"Collab Blóðappelsínu 0,33L dós",238.91,329,stk,kassastrikamerki:5690542017984
Ölgerðin,,5690542006728,"Collab Engifer og Ferskju 0,33l 4x6 dósir",238.91,329,stk,kassastrikamerki:5690542017038
Ölgerðin,,5690542008425,"Collab Epla og Kiwi 0,33L dós",238.91,329,stk,kassastrikamerki:5690542019001
Ölgerðin,,5690542003499,"Collab Hindberja og apríkósu 0,33L dós",238.91,329,stk,kassastrikamerki:5690542016109
Ölgerðin,,5690542006186,Collab Hindberja og Apríkósu koffínlaus 330ml,238.91,329,stk,kassastrikamerki:5690542016604
Ölgerðin,,5690542008364,Collab Jarðarberja og Sítrónu koffínlaus 330mldós,238.91,329,stk,kassastrikamerki:5690542018929
Ölgerðin,,5690542006193,"Collab Jarðarberja og Sítrónu 0,33L",238.91,329,stk,kassastrikamerki:5690542016628
Ölgerðin,,5690542007084,"Collab Lakkrís og Hindberja 0,33L",238.91,329,stk,kassastrikamerki:5690542017397
Ölgerðin,,5690542008722,"Collab Laufey 0,33L",238.91,329,stk,kassastrikamerki:5690542019377
Ölgerðin,,5690542008012,"Collab Laufey án koffíns 0,33L",238.91,329,stk,kassastrikamerki:5690542018356
Ölgerðin,,5690542005905,"Collab Skógarberja 0,33L dós",238.91,329,stk,kassastrikamerki:5690542016420
Ölgerðin,,5690542007930,"Collab Skógarberja án koffíns 0,33L dós",238.91,329,stk,kassastrikamerki:5690542018264
Ölgerðin,,,Collab Vatnsmelónu og Kaktusaldin,238.91,329,stk,
Ölgerðin,,8710398523617,Doritos Cool American,273.75,369,stk,
Ölgerðin,,8710398533746,Doritos Dinamita 85g,265,359,stk,
Ölgerðin,,8710398161987,Doritos Nacho Cheese 170g,273.75,369,stk,
Ölgerðin,,8710398162045,Doritos Sweet Chilli,273.75,369,stk,
Ölgerðin,,5690541005210,Egils Djús Ananasbragð 1L,431.72,549,stk,
Ölgerðin,,5690541005012,Egils djús Appelsínubragð 1L,431.72,549,stk,
Ölgerðin,,5690542008371,Egils Djús Jarðarberja og Sítrónubragð,431.72,549,stk,
Ölgerðin,,5690542008678,Egils Djús Mangó og Límónu 1L,431.72,549,stk,
Ölgerðin,,5690542008050,Egils Djús Skógarberjabragð 1L,431.72,549,stk,
Ölgerðin,,5690542008388,Egils Djús Vatnsmelónubragð 1L,431.72,549,stk,
Ölgerðin,,5690541006088,Floridana Appelsínusafi 3x8 250ml,298.25,149,stk,kassastrikamerki:5690541006095
Ölgerðin,,5690541009881,"Floridana appelsínusafi m/aldinkjöti 0,33L",216.23,299,stk,
Ölgerðin,,5690541009744,Floridana appelsínusafi m/aldinkjöti 1L,489.7,669,stk,
Ölgerðin,,5690541006118,Floridana Eplasafi 8*3 250ml,257.57,129,stk,kassastrikamerki:5690541006125
Ölgerðin,,5690541007030,"Floridana Goji 0,33L",275.72,379,stk,
Ölgerðin,,5690541007047,Floridana Goji 1L,652.22,879,stk,
Ölgerðin,,5690542008517,Flórídana Góðgerlar 8x3 250ml,308.09,149,stk,kassastrikamerki:5690542019117
Ölgerðin,,5690541009898,"Floridana Heilsusafi 0,33L",179.1,249,stk,
Ölgerðin,,5690541009782,Floridana Heilsusafi 1L,412.71,559,stk,
Ölgerðin,,5690541006149,Floridana Heilsusafi 8x3 250ml,261.29,129,stk,kassastrikamerki:5690541006156
Ölgerðin,,5690542007961,"Floridana Plús Góðgerlar 0,33L",275.72,379,stk,
Ölgerðin,,5690542007978,Floridana Plús Góðgerlar 1L,652.22,879,stk,
Ölgerðin,,5690542004335,Floridana Vítamínsafi 1L,494.14,669,stk,
Ölgerðin,,8001160007573,"Gatorade Cool Blue 12x0,5L",188.51,269,stk,
Ölgerðin,,56919820,"Gatorade Fruit Punch sykurlaus 0,5L",188.51,269,stk,
Ölgerðin,,8001160001151,"Gatorade NA Lemon 12x0,5L",188.51,269,stk,
Ölgerðin,,6413600224471,"Gatorade NA Orange 0,5L plast",188.51,269,stk,
Ölgerðin,,56919837,"Gatorade Orange sykurlaus 0,5L",188.51,269,stk,
Ölgerðin,,8001160004879,"Gatorade Red Orange 0,5L",188.51,269,stk,
Ölgerðin,,8711000649206,Gevalia Original 16x400gr,812.31,969,stk,
Ölgerðin,,5690541002561,"Grape Fruit 0,5L plast",162.8,229,stk,
Ölgerðin,,5000213024829,"Guinness 0,0% 0,44L 24dós",356.28,489,stk,
Ölgerðin,,5690542005882,"Gull áfengislaus 0,33L dós",176.03,249,stk,kassastrikamerki:5690542016345
Ölgerðin,,,Heiða Barista 6x1L,328.51,449,stk,
Ölgerðin,,,Heiða Haframjólk,265,369,stk,
Ölgerðin,,,"Hvítöl 0,33L gler",227.93,319,stk,
Ölgerðin,,,Iceland Spring 1L,164.21,219,stk,
Ölgerðin,,,"Iceland Spring m/ sporttappa 0,5L",111.14,159,stk,
Ölgerðin,,,Illy Espresso púðar 6x18stk,925.41,1149,stk,
Ölgerðin,,,Illy hylki Classic Espresso 10stk 57g,608.58,759,stk,
Ölgerðin,,,Illy hylki Forte Espresso 10stk 57g,608.58,759,stk,
Ölgerðin,,,Illy hylki Intenso Espresso 57g,608.58,759,stk,
Ölgerðin,,8003753979076,Illy hylki Lungo 6x18stk (bláu),1790.8,2109,stk,
Ölgerðin,,,Illy Espressobaunir 6x250gr,1559.51,1929,stk,
Ölgerðin,,8003753900438,Illy espresso malað medium 6x250gr,1677,2079,stk,
Ölgerðin,,5690542003482,"Jólaöl 0,33L dós",120.67,179,stk,kassastrikamerki:5690542013382
Ölgerðin,,5690542005509,"Jólaöl sykurskert 0,33L dós",136.68,199,stk,kassastrikamerki:5690542015867
Ölgerðin,,5690542008258,"Kristall+ hindber&ferskja 0,33L 4x6pakk dósir",141.22,199,stk,kassastrikamerki:5690542018738
Ölgerðin,,5690542008265,"Kristall+ límóna&hyuganatsu sítrus 0,33L 4x6",141.22,199,stk,kassastrikamerki:5690542018752
Ölgerðin,,5690542005295,"Kristall án bragðefna 0,33L dós",98.85,149,stk,kassastrikamerki:5690542015249
Ölgerðin,,5690541004848,Kristall Án Bragðefna 2L plast,245.57,299,stk,
Ölgerðin,,,Kristall án bragðefna 500ml plast,157.41,219,stk,
Ölgerðin,,5690542008685,"Kristall Bláberja og Granatepla 0,33L 4x6dósir",98.85,149,stk,kassastrikamerki:5690542019322
Ölgerðin,,5690542008067,"Kristall jarðarberja og drekaávextir 0,33L dós",98.85,149,stk,kassastrikamerki:5690542018424
Ölgerðin,,5690542005196,"Kristall Mexican Lime 0,33L dós",98.85,149,stk,kassastrikamerki:5690542014877
Ölgerðin,,,"Kristall Mexican Lime 0,5L 12 plastfl.",157.41,219,stk,
Ölgerðin,,5690541009539,Kristall Mexican Lime 2L plast,245.57,299,stk,
Ölgerðin,,5690542006735,"Kristall Nektarínu og Sítrus 0,33L dós",98.85,149,stk,kassastrikamerki:5690542017069
Ölgerðin,,,"Kristall Nektarínu og Sítrus 0,5L plast",157.41,219,stk,
Ölgerðin,,5690542005318,"Kristall Sítrónu 0,33L dós",98.85,149,stk,kassastrikamerki:5690542015393
Ölgerðin,,,"Kristall Sítrónu 0,5L plast",157.41,219,stk,
Ölgerðin,,5690541002295,Kristall Sítrónu 2L plast,265.09,329,stk,
Ölgerðin,,,Lays BBQ,261.19,349,stk,
Ölgerðin,,8710398502308,Lay's Bugles Nacho Cheese 125g,348.87,469,stk,
Ölgerðin,,,Lay's Bugles Original 125g,348.87,469,stk,
Ölgerðin,,8710398502407,Lay's Bugles Roasted Paprika 125g,355.83,479,stk,
Ölgerðin,,,Lay's Cheese and Onion 175gr,261.19,349,stk,
Ölgerðin,,,Lays Flat ch. Paprika 175g,261.19,349,stk,
Ölgerðin,,5690542008739,Lay's Max Argentina Steak 22x185g,281.6,379,stk,
Ölgerðin,,,Lay's Max Cheddar/Onion 185g,276.07,369,stk,
Ölgerðin,,8710398524195,Lay's Max Paprika 185gr,281.6,379,stk,
Ölgerðin,,,Lay's Max Salted 185gr,281.6,379,stk,
Ölgerðin,,8710398524225,Lay's Max Salt&Pepper 185gr,281.6,379,stk,
Ölgerðin,,8710398527370,Lay's Max Sour Cream & Onion 175g,281.6,379,stk,
Ölgerðin,,,Lay's Salted 175g,261.19,349,stk,
Ölgerðin,,,L'Or Brazil Origin 10x10stk,507.25,639,stk,
Ölgerðin,,8711000360613,L'Or Colombia Origin 10stk 52gr,507.25,639,stk,
Ölgerðin,,,L'Or Espresso Lungo Profondo 08 10stk (52gr),469.68,589,stk,
Ölgerðin,,8711000891643,L'or Espresso Ristretto 11 52g,469.68,589,stk,
Ölgerðin,,8711000360521,L'or Espresso Supremo 10,469.68,589,stk,
Ölgerðin,,8711000488225,L'or Flavors Carmel 10xstk,469.68,589,stk,
Ölgerðin,,8711000488188,L'Or Flavors Chocolat 10stk 52g,469.68,589,stk,
Ölgerðin,,,L'OR hylki koffínlaust 10x10stk,739.39,919,stk,
Ölgerðin,,8711000429969,L'Or India Origin 10st,507.25,639,stk,
Ölgerðin,,,"Malt og appelsín gler 0,33L",219.95,309,stk,
Ölgerðin,,5690542004588,"Malt og Appelsín sykurskert 0,33l 10dósir rúta",148.67,209,stk,kassastrikamerki:5690542014228
Ölgerðin,,5690541004800,"Malt&Appelsín 0,5L dós",227.15,269,stk,
Ölgerðin,,5690541001212,"Maltöl 0,33l gler",205.19,289,stk,
Ölgerðin,,5690541001281,"Maltöl 0,5L dós",221.91,279,stk,
Ölgerðin,,,Mist Uppbygging Apríkósa og Rifsber 4x6pk,238.65,329,stk,
Ölgerðin,,5690542008043,Mist Uppbygging Jarðarber og Lime,247,339,stk,kassastrikamerki:5690542018394
Ölgerðin,,5690542007626,Mist Uppbygging skógarber og chai 4x6pk,247,339,stk,kassastrikamerki:5690542017885
Ölgerðin,,,Mist Uppbygging Indónesískt Lime,238.65,329,stk,
Ölgerðin,,5690541004572,"Mix 0,33L dós",106.58,159,stk,
Ölgerðin,,5690541004565,"Mix 0,5L 12 plastflöskur",162.8,229,stk,
Ölgerðin,,5690541004596,Mix 2L plast,375.22,449,stk,
Ölgerðin,,5690542008029,"Mix Sykurlaust 0,33L dós",106.58,159,stk,
Ölgerðin,,5690542005851,"Mountain Dew 0,33L dós",106.58,159,stk,kassastrikamerki:5690542016314
Ölgerðin,,5690541008228,"Mountain Dew 0,5L plastfl.",162.8,229,stk,
Ölgerðin,,5690541003063,"Orka 0,5L plast",195.71,279,stk,
Ölgerðin,,5690542008227,Orka Engill 330ml 4x6 dósir,165.66,239,stk,kassastrikamerki:5690542018622
Ölgerðin,,5690542008500,"Orka Flóni 0,33L 4x6dósir",165.66,239,stk,kassastrikamerki:5690542019087
Ölgerðin,,5690542008210,Orka Orange Ink 330ml 4x6 dósir,165.66,239,stk,kassastrikamerki:5690542018615
Ölgerðin,,5690542008692,Orka Pinky Pop 4x6 dósir,165.66,239,stk,kassastrikamerki:5690542019339
Ölgerðin,,5690542008234,Orka RR 330ml 4x6 dósir,165.66,239,stk,kassastrikamerki:5690542018639
Ölgerðin,,,"Páskaöl sykurskert 0,33L dós",161.42,229,stk,
Ölgerðin,,5690542005455,"Pepsi 0,33L dós",106.57,159,stk,kassastrikamerki:5690542015560
Ölgerðin,,5690541004169,"Pepsi 0,5L 12 plastfl",162.8,229,stk,
Ölgerðin,,5690541004183,"Pepsi 0,5L dós",166.23,239,stk,
Ölgerðin,,5690541004190,Pepsi 2L,252.75,309,stk,
Ölgerðin,,,Pepsi Original 2L,252.75,309,stk,
Ölgerðin,,,"Pepsi Original 0,5L plast",162.82,229,stk,
Ölgerðin,,,"Pepsi Original 0,33L dós 4x6pk",106.57,159,stk,
Ölgerðin,,5690542005462,"Pepsi Max 0,33L Rúta 12stk",106.58,159,stk,kassastrikamerki:5690542015331
Ölgerðin,,5690541004688,"Pepsi Max 0,5L dósir",166.23,239,stk,
Ölgerðin,,5690541004664,"Pepsi Max 0,5L plastflöskur",162.8,229,stk,
Ölgerðin,,,Pepsi Max 24 dósir rúta,72.97,109,stk,
Ölgerðin,,5690541004695,Pepsi Max 2L plast,223.82,279,stk,
Ölgerðin,,5690542008142,"Pepsi Max Lemon 0,33L dós",106.57,159,stk,kassastrikamerki:5690542018509
Ölgerðin,,5690542005479,"Pepsi Max Lime 0,33L dós",106.57,159,stk,kassastrikamerki:5690542015584
Ölgerðin,,5690542204186,"Pepsi Max Lime 0,5L plastflöskur",162.8,229,stk,
Ölgerðin,,,Pickw Finest Camomil 4x25x2g,584.59,729,stk,
Ölgerðin,,,Pickw Finest Earl Grey 4x25x2,584.59,729,stk,
Ölgerðin,,,Pickw Finest English Breakfast 4x25x2,584.59,729,stk,
Ölgerðin,,,PickW Finest ForestFr Tea 4x25x2gr,584.59,729,stk,
Ölgerðin,,,Pickw Finest Ginger Tea 4x25x2gr,584.59,729,stk,
Ölgerðin,,,Pickw Finest Green Tea 4x25x2gr,584.59,729,stk,
Ölgerðin,,,"Pickw Tms Greenpur Tea 4x25x1,5gr",397.82,499,stk,
Ölgerðin,,,"Pickw Tms Mint Tea 4x25x1,5gr",397.82,499,stk,
Ölgerðin,,,Pickw Finest Rooibos 4x25x2g,584.59,729,stk,
Ölgerðin,,5690541008471,"Plús Blóðappelsínu 0,5L 12 plastfl.",160.22,229,stk,
Ölgerðin,,5690542005325,"Plús rauður 0,33L dós",105.6,159,stk,kassastrikamerki:5690542015355
Ölgerðin,,8711000300008,Senseo Cappuccino 10x 8stk (92gr),654.15,819,stk,
Ölgerðin,,,Senseo Classic 10x 16stk (111gr),608.01,759,stk,
Ölgerðin,,,Senseo Latte 92gr,654.15,819,stk,
Ölgerðin,,,Senseo Stór Classic 10x36stk,825.9,1029,stk,
Ölgerðin,,8711000341247,Senseo Stór Extra Strong 10x36stk 250gr,1016.49,1269,stk,
Ölgerðin,,8711000393765,Senseo Stór Strong 250g,1016.48,1269,stk,
Ölgerðin,,8711000452509,Senseo Strong 10x16stk (111gr),608.01,759,stk,
Ölgerðin,,,Senseo XL Classic 375gr,1031.2,1279,stk,
Ölgerðin,,8711000341247,Senseo XL Extra Strong 375gr,1031.2,1279,stk,
Ölgerðin,,7310070003379,Somersby Peru Án áfengis 24pack gler,283.13,389,stk,
Ölgerðin,,5690542005028,"Sódavatn 0,33L dós",102.2,149,stk,kassastrikamerki:5690542014709
Ölgerðin,,,"Sódavatn 0,5L plastfl.",157.41,219,stk,
Ölgerðin,,,"Tuborg Nul 0,0% 33cl dós",188.85,269,stk,
Ölgerðin,,5690542008739,UPP Jarðarberja og Lime 6x4 dósir,262.33,359,stk,kassastrikamerki:5690542019391
Red Bull,,90474392,Lilac 250ml 24x250ml,4934,279,,kostnaðarverð pr. kassa
Red Bull,,90486357,Winter Edition Fuji Apple 24x250ml,4934,279,,kostnaðarverð pr. kassa
Red Bull,,,Red Bull ED 24x250ml,4934,279,,kostnaðarverð pr. kassa
Red Bull,,,RB SeaBlue Edition 24x250ml,4934,279,,kostnaðarverð pr. kassa
Red Bull,,,San Pellegrino Límonata,4172,239,,kostnaðarverð pr. kassa; kassaútsöluverð:1289
Red Bull,,,Happy Monkey Apple&Black,3853,,,kostnaðarverð pr. kassa; útsöluverð óljóst í blaði (859/219)
CCEP,,5449000001740,"Bonaqua án Bragðefna 0,33L dós",101.56,149,stk,kassastrikamerki:5449000004680
CCEP,,5449000032942,"Bonaqua án bragðefna 0,5L plast",104.19,149,stk,
CCEP,,5449000318305,Bonaqua án Bragðefna 2L,170.18,209,stk,
CCEP,,5449000130983,"Bonaqua án kolsýru Skógarberja 0,5L",122.17,179,stk,
CCEP,,5449000004765,"Bonaqua Epla 0,33L dós",93.01,139,stk,kassastrikamerki:5449000006080
CCEP,,5449000179159,"Bonaqua Epla 0,5L",122.97,179,stk,
CCEP,,5449000179173,Bonaqua Epla 2L,241.17,299,stk,
CCEP,,5449000169600,"Bonaqua Límónu/Sítrónu 0,33L dós",93.01,139,stk,kassastrikamerki:5449000006660
CCEP,,5449000341464,"Bonaqua Mango Acai 0,5L plast",140.16,199,stk,
CCEP,,5449000325501,Bonaqua Mango Acai 330ml rúta,99.91,149,stk,kassastrikamerki:5449000325518
CCEP,,90490620,"Bonaqua Sítrónu 0,5L",104.19,149,stk,
CCEP,,5449000040541,Bonaqua Sítrónu 2L,170.18,209,stk,
CCEP,,5060466516304,"Burn Original 0,5L dós 24stk",309.07,429,stk,
CCEP,,5060895746860,Burn Original 250ml 24stk,242.58,339,stk,
CCEP,,5449000009067,Coca Cola 2L plast,314.04,379,stk,
CCEP,,54491472,Coca Cola 500ml plast 18stk,166.7,239,stk,
CCEP,,5690824231701,Coca Cola Light 500ml plast 12stk,173.58,249,stk,
CCEP,,5000112691696,"Coke 0,5L Súperdós",180.15,249,stk,
CCEP,,,"Coke 0,33L dós 20stk",121.11,179,stk,
CCEP,,5449000000996,"Coke 0,33L dós 10stk rúta",102.39,149,stk,kassastrikamerki:5000112615753
CCEP,,5449000000996,"Coke 0,33l Dós 6stk rúta",128.3,189,stk,kassastrikamerki:5449000137234
CCEP,,5449000054227,Coke 1L,189.64,249,stk,
CCEP,,5449000133328,Coke án sykurs 1L,195.7,259,stk,
CCEP,,5000112691719,Coke án sykurs 500ml súperdós,180.15,249,stk,
CCEP,,54490703,"Coke gler 0,33L 24stk",195.59,279,stk,
CCEP,,5449000131836,"Coke Zero 0,5L plast 12stk",166.7,239,stk,
CCEP,,5449000131843,Coke Zero 2L 4stk,266.47,329,stk,
CCEP,,,Coke Zero 330ml dós 20pakk,121.11,179,stk,
CCEP,,5449000131805,Coke Zero 330ml dós Rúta 10stk,104.4,149,stk,kassastrikamerki:5000112615746
CCEP,,5449000131805,Coke Zero 330ml dós Rúta 6pakk,128.3,189,stk,kassastrikamerki:5449000070647
CCEP,,5000112669183,"Coke Zero koffínlaus 0,33L dós 4pk",127.94,189,stk,kassastrikamerki:5000112669282
CCEP,,5449000201935,"Coke Zero Koffínlaus 0,5L plast",165.56,239,stk,
CCEP,,856222006517,"Einstök Pale Ale 2,25% 0,33l",190.08,269,stk,
CCEP,,40822938,"Fanta 0,5L plast 12stk",165.56,239,stk,
CCEP,,5000112667622,Fanta 2L Plast,331.99,399,stk,
CCEP,,5449000316233,Fanta Appelsín Zero 1L,195.7,259,stk,
CCEP,,90490705,"Fanta exotic 0,5L plast 12stk",166.7,239,stk,
CCEP,,5449000350930,"Fanta Grape Zero 0,5L 12stk",166.7,239,stk,
CCEP,,5449000313942,"Fanta Lemon Zero sugar 0,5L plast",166.7,239,stk,
CCEP,,5000112669169,"Fanta Orange no sugar 0,33l Rúta10",104.04,149,stk,kassastrikamerki:5000112669534
CCEP,,5449000313959,"Fanta Orange Zero 0,5L plast 12stk",166.7,239,stk,
CCEP,,,Hvít Jól léttöl 0.33L dós,147.35,209,stk,
CCEP,,5690351231663,"Icelandic Glacial Lemon 0,33L 10pk",113.22,169,stk,kassastrikamerki:5690351231670
CCEP,,5690351231687,"Icelandic Glacial Lime 0,33L 10pk",113.22,169,stk,kassastrikamerki:5690351231694
CCEP,,5690351231700,"Icelandic Glacial B.Orange 0,33L 10pk",113.22,169,stk,kassastrikamerki:5690351231717
CCEP,,5690351231649,"Icelandic Glacial Sparkling 0,33L 10pk",113.22,169,stk,kassastrikamerki:5690351231656
CCEP,,893919001103,"Icelandic Glacial 0,5L still",103.21,149,stk,
CCEP,,893919001707,"Icelandic Glacial 1,5L still",187.74,249,stk,
CCEP,,5449000319388,"Minute Maid Appelsínu 0,2L 5x6pack",109.21,159,stk,kassastrikamerki:5449000319395
CCEP,,5449000319418,Minute Maid Epla 0.2L 5x6pk,109.21,159,stk,kassastrikamerki:5449000319432
CCEP,,5449000319296,Minute Maid Epla 1L,264.22,339,stk,
CCEP,,5449000319333,Minute Maid Multivitamin 1L 12stk,264.22,339,stk,
CCEP,,5449000319425,Minute Maid Multivitamin 5x6pk,109.21,159,stk,kassastrikamerki:5449000319449
CCEP,,5449000319272,Minute Maid Orange 1L,264.22,339,stk,
CCEP,,5449000319319,Minute Maid Tropical 1L,264.22,339,stk,
CCEP,,5060335630971,Monster Absolutely Zero,213.77,299,stk,
CCEP,,,Monster Aussie Lemonade,252.26,349,stk,
CCEP,,5061013944908,Monster Bad Apple,252.26,349,stk,
CCEP,,5060896625607,Monster Full Throttle ZS 500ml,213.77,299,stk,
CCEP,,5056784902332,Monster Juiced Rio Punch 500ml,252.26,349,stk,
CCEP,,5060166694777,Monster Original,213.77,299,stk,
CCEP,,,Monster Lando Norris Zero Sugar,213.77,299,stk,
CCEP,,5060517883683,Monster Mango Loco,252.26,349,stk,
CCEP,,5060751211525,Monster Mango Loco 4pk,252.26,1259,stk,
CCEP,,5060517887858,"Monster Pipeline Punch 0,5L",252.26,349,stk,
CCEP,,5056784909119,Monster Rossi zero Sugar 500ml,213.77,299,stk,
CCEP,,5060751212812,Monster Ultra Fiesta,213.77,299,stk,
CCEP,,5060896624426,Monster Ultra Gold,213.77,299,stk,
CCEP,,5060639126156,Monster Ultra Paradise,213.77,299,stk,
CCEP,,5060947546783,Monster Ultra Peachy Keen,213.77,299,stk,
CCEP,,5060947541245,Monster Ultra Rosa 500ml dós  24stk,213.77,299,stk,
CCEP,,5056784910054,Monster Ultra Ruby Red 500ml dós 24stk,213.77,299,stk,
CCEP,,5056784901502,Monster Ultra Strawberry Dreams,213.77,299,stk,
CCEP,,5060751219064,Monster Ultra Watermelon,213.77,299,stk,
CCEP,,5060335635716,Monster Ultra White 500ml dós,213.77,299,stk,
CCEP,,5056784912591,Monster Viking Berry 500ml dós,252.26,349,stk,
CCEP,,5060947549883,Monster Zero Sugar Green,213.77,299,stk,
CCEP,,5061013948548,Monster Zero Sugar Green 4pk,213.77,1069,stk,
CCEP,,5000112669589,"Powerade Golden Mango 0,5L",167.91,239,stk,
CCEP,,54492653,"Powerade Mountain Blast 0,5L 12stk",167.91,239,stk,
CCEP,,5000112658422,Powerade Mountain Blast Zero 12stk,167.91,239,stk,
CCEP,,54032552,"Powerade Cherry 0,5L 12stk",167.91,239,stk,
CCEP,,5690824023122,"Schweppes Ginger Ale 0,5L plast 12stk",165.56,239,stk,
CCEP,,5690824023139,"Schweppes Tonic 0,5L plast",165.56,239,stk,
CCEP,,5449000044808,Schweppes Tonic 1L plast,235.03,299,stk,
CCEP,,5690824028134,Schweppes Tonic 2L plast,338.38,409,stk,
CCEP,,40822310,Sprite 500ml plast 12stk,166.67,239,stk,
CCEP,,5000112641455,"Sprite Zero 0,33L rúta10stk",104.04,149,stk,kassastrikamerki:5449000262929
CCEP,,5000112692488,"Sprite zero chill lemon mint 0,33ltr dós",125.74,179,stk,
CCEP,,5000112690125,Sprite Zero 2L plast,328.43,399,stk,
CCEP,,40822327,Sprite Zero 500ml plast 12stk,166.7,239,stk,
CCEP,,5690555045479,"Thule Léttöl 0,5L dós 24stk",147.61,209,stk,
CCEP,,,"Víking Gylltur Áfengislaus 0,33L gler",235.23,329,stk,
CCEP,,5690555042478,"Víking Gylltur 2,25% 0,5L dós 24stk",157.06,219,stk,
CCEP,,5690555131271,"Víking Jóla Léttöl 0,33L dós",169.74,239,stk,
CCEP,,5690555131073,Víking Lite Lime 2% 330ml dós 10pk,176.52,249,stk,kassastrikamerki:5690555131097
Kjörís,,5690581572307,3stk Lúxus Toppís karam. Heimilis,1045.17,1339,stk,
Kjörís,,5690581572208,3stk Lúxus Toppís súkk. Heimilis,998.25,1279,stk,
Kjörís,,5690581571805,4stk Lúxus karam. Heimilis,1078.62,1379,stk,
Kjörís,,5690581362205,4 Tulipop JB. Skottís 70ml (Pk8),676.73,869,stk,
Kjörís,,,5 Hnetu Toppís Heimilis,1485.6,1899,stk,
Kjörís,,5690581511900,6stk Hlunkar Kirsuber heimilis,858.62,1109,stk,
Kjörís,,5690581511009,6 stk Hlunkar Grænir heimilis,850.71,1099,stk,
Kjörís,,,6stk Lúxus Dubai súkkul. Heimilis pk(5),1915.2,2449,stk,
Kjörís,,5690581571904,6 Mjúkís Pinnar Heimilis Pk(5),1141.11,1459,stk,
Kjörís,,5690581511801,6stk Pólís Ananas heimilis Pk(5),926.28,1189,stk,
Kjörís,,5690581520100,8 Apa flaugar (Van) Heimilis pk(5),1000.6,1289,stk,
Kjörís,,5690581523101,8 Bestís pinnar heimilis pk(5),1103.17,1419,stk,
Kjörís,,5690581521008,8 Froska flaugar heimilis pk(5),864.65,1109,stk,
Kjörís,,5690581522906,8 Iceguys ICE Blue fl. Heimilis pk(5),945.44,1219,stk,
Kjörís,,5690581523002,8 Iceguys íspinnar heimilis pk(5),1350.93,1729,stk,
Kjörís,,5690581522609,8 Lína Langsokkur heimilis pk(5),899.33,1159,stk,
Kjörís,,5690581522104,8 Lúxus karam. Flaugar heimilis,1319.35,1689,stk,
Kjörís,,,8 Mix pinna heimilis pk(5),802.46,1029,stk,
Kjörís,,5690581520506,8 Pöndu flaugar Heimilis pk(5),856.49,1099,stk,
Kjörís,,,8 Rebba (Appels.) flaugar heimilispk (5),801.69,1029,stk,
Kjörís,,5690581520407,8 Rúdolf Heimilis Pk(5),850.76,1099,stk,
Kjörís,,5690581520605,8 Tígris Flaugar (Súper) heimilis pk(5),856.49,1099,stk,
Kjörís,,,8 Tulipop heimilis pk(5),818,1049,stk,
Kjörís,,5690581163109,"Bestís 0,5L pk(5)",1027.09,1319,stk,
Kjörís,,,Bestís Dýfa pk(13),742.5,999,stk,
Kjörís,,,Flaugar Blue Ige Guys 20stk,143.69,199,stk,
Kjörís,,5690581413006,Flaug Ice Guys íspinni pk(20),207.81,289,stk,
Kjörís,,,Flaugar Ice Guys Íspinni pk(20),185.54,259,stk,
Kjörís,,5690581381602,Frekjudolla Bragðarefs 250ml,293.61,409,stk,
Kjörís,,5690581380407,Frekjudolla Jarðarberja 250ml,285.44,389,stk,
Kjörís,,5690581380209,Frekjudolla Súkkulaði 250ml,290.94,399,stk,
Kjörís,,,Gulliver Almond 120ml pk(24),233.65,329,stk,
Kjörís,,,Gulliver Classic 120ml pk(30),233.61,329,stk,
Kjörís,,,Gulliver White 120ml pk(30),233.61,329,stk,
Kjörís,,,Heit Karamellusósa,672.75,909,stk,
Kjörís,,,Heit Súkkulaðisósa,672.75,909,stk,
Kjörís,,5690581271705,"Hindberja Ís a la mande 0,65L Pk(4)",1066.01,1329,stk,
Kjörís,,5690581481005,Hlunkur Grænn,163.96,229,stk,
Kjörís,,5690581481906,Hlunkur Kirsuberja,163.96,229,stk,
Kjörís,,5690581340302,Hvítir Mjúkís Pinnar Pk(16),257.4,359,stk,
Kjörís,,5690581162904,"Iceguys Kremkex ís 0,5ltr pk(8)",1113.33,1429,stk,
Kjörís,,5690581180502,Ís Ársins Biskví 1ltr Pk(4),1206.75,1499,stk,
Kjörís,,5690581840109,Ísing Hvít 200ml,599.64,809,stk,
Kjörís,,5690581840208,Ísing Súkkulaði 200ml,599.64,809,stk,
Kjörís,,5690581842509,Íssósa Banana 250ml,569.62,769,stk,
Kjörís,,5690581842400,Íssósa Jarðarberja Kjörís 250ml,569.62,769,stk,
Kjörís,,,Íssósa Karamellu 250ml,544.05,739,stk,
Kjörís,,5690581841403,Íssósa Lakkrís Kjörís Pk(12),457.17,619,stk,
Kjörís,,,Íssósa Lakkrísbragð 250ml,544.05,739,stk,
Kjörís,,5690581842202,Íssósa Súkkulaði Kjörís 250ml,569.62,769,stk,
Kjörís,,5690581271606,Ísveisla Kjörís 1ltr pk(4),1192.5,1479,stk,
Kjörís,,5690581115009,Jólaís Karamellu 1L pk(4),900.9,1119,stk,
Kjörís,,5690581117003,Jólaís Súkkul. 2ltr pk(4),1594.95,1879,stk,
Kjörís,,,Jólaískúlan súkkulaði 1ltr Pk(4),1028.25,,stk,
Kjörís,,5690581271804,"Karamellu ís a la mande 0,65L Pk(4)",1066.01,,stk,
Kjörís,,5690581340203,Klassísk Mjúkís Pinnar Pk(16),257.4,359,stk,
Kjörís,,5690581272900,"Konfektís terta stærri 1,75ltr",3951.38,4639,stk,
Kjörís,,5690581391106,LoJo Bláberja yogurt ís pk(8),606.83,819,stk,
Kjörís,,5690581390802,LoJo Hindberja yogurt ís pk(8),606.83,819,stk,
Kjörís,,5690581391809,LoJo Karamellu yogurt ís pk(8),606.83,819,stk,
Kjörís,,5690581843803,Lúxus Íssósa karamellu 200ml,478.66,649,stk,
Kjörís,,5690581843209,Lúxus Íssósa súkkulaði 200ml,478.66,649,stk,
Kjörís,,5690581332000,Lúxus Dubai Súkkulaðiís Pk(16),332.95,459,stk,
Kjörís,,5690581300306,Lúxus karamelluíspinni,325.33,449,stk,
Kjörís,,5690581331706,Lúxus Saltkaramelluíspinni,307.9,419,stk,
Kjörís,,5690581300504,Lúxus Vanillu Pk(16),302.2,419,stk,
Kjörís,,5000159541459,Mars ís heimilispakkning pk(12),1320.99,1689,stk,
Kjörís,,5000159397360,Mars ís Pk(24),254.36,349,stk,
Kjörís,,5690581171104,Mjúkís Afmælis 50ára 2L,1956.37,2299,stk,
Kjörís,,5690581152608,Mjúkís Ársins 2026 Don Rafe 1L Pk(4),1202.69,1489,stk,
Kjörís,,,Mjúkís Banana 1L,936.68,1169,stk,
Kjörís,,5690581152400,Mjúkís Crem Brulee 1ltr Pk(4),1156.36,1439,stk,
Kjörís,,5690581152707,Mjúkís Dubai 1ltr Pk(4),1331.79,1649,stk,
Kjörís,,5690581153209,Mjúkís Italian style m/dökku súkkulaði 1lt,1188,1479,stk,
Kjörís,,5690581150406,Mjúkís Jarðarberja 1L Pk(4),1288.2,1599,stk,
Kjörís,,5690581152004,Mjúkís Karamellu og Lakkrís 1L,1089.61,1359,stk,
Kjörís,,5690581172002,Mjúkís Karamellu og Lakkrís 2L,1920.09,2259,stk,
Kjörís,,5690581151809,Mjúkís pekan og karamellu 1L,1069.51,1329,stk,
Kjörís,,,Mjúkís pekan og karamellu 2L,1714.31,2019,stk,
Kjörís,,5690581150000,Mjúkís súkk/mint 1L,990.67,1229,stk,
Kjörís,,5690581150208,Mjúkís súkkulaði 1L,1019.57,1269,stk,
Kjörís,,5690581170206,Mjúkís súkkulaði 2L,1819.11,2139,stk,
Kjörís,,5690581150109,Mjúkís vanilla 1L,981.41,1219,stk,
Kjörís,,5690581170107,Mjúkís vanilla 2L,1768.07,2079,stk,
Kjörís,,5690581340104,Möndlu Mjúkís Pinnar Pk(16),257.4,359,stk,
Kjörís,,5690581300603,Northern Twist pinnar Pk(16),296.82,409,stk,
Kjörís,,5690581361109,Sirkus Vanillu Skottís pk(22),203.14,289,stk,
Kjörís,,5690581165400,"Skyr Frost Jarðarberja 0,5L Pk(8)",1189,1529,stk,
Kjörís,,5690581165103,"Skyr Frost Vanilla 0,5L Pk(8)",1073.03,1379,stk,
Kjörís,,5000159541336,Snickers ís Heimilisp. Pk(12),1320.99,1689,stk,
Kjörís,,5000159343961,Snickers ís Pk(24),254.36,349,stk,
Kjörís,,5690581381701,Styrkur Súkkulaði 240ml Pk(8),812.24,1099,stk,
Kjörís,,5690581302300,Toppís Hnetu pk(16),338.4,469,stk,
Kjörís,,5690581302805,Toppís Lúxus Karamellu,364.43,499,stk,
Kjörís,,5690581302201,Toppís Lúxus Súkkulaði pk(16),357.68,489,stk,
Kjörís,,5690581303000,Vulcano Toppís Pk(16),371.89,509,stk,
Emmessís,,8711327667020,B&J Bohemian Raspberry,834.84,1129,stk,
Emmessís,,8711327666481,B&J Brookieees & Cream 465 ml,834.84,1129,stk,
Emmessís,,,B&J Caramel Brownie Party 465ml,792.94,1069,stk,
Emmessís,,8711327373969,B&J Caramel Chew 465ml,792.94,1069,stk,
Emmessís,,,B&J Chocco-lotta Cheesecake 465ml,801.47,1079,stk,
Emmessís,,8711327370708,B&J Choco Fudge Brownie 465ml,792.94,1069,stk,
Emmessís,,,B&J Chocolatey Love A Fair 465ml,801.47,1079,stk,
Emmessís,,,B&J Chunky Monkey 465ml,801.47,1079,stk,
Emmessís,,8711327373105,B&J Cookie Dough 465ml,792.94,1069,stk,
Emmessís,,8711327371682,B&J Cookie Dough S'whichup 465ml,792.94,1069,stk,
Emmessís,,,B&J Cookie Vermont-ster 427ml,761.16,1029,stk,
Emmessís,,8711327374171,B&J Core Karamel Sutra 465ml,792.94,1069,stk,
Emmessís,,,B&J Dulce De-Lish 465ml,801.47,1079,stk,
Emmessís,,8711327371002,B&J Half Baked 465ml,792.94,1069,stk,
Emmessís,,,B&J Netflix and Chill,742.59,999,stk,
Emmessís,,,B&J Peanutbuttercup 465ml,792.94,1069,stk,
Emmessís,,8711327373013,B&J Phish Food 465ml,792.94,1069,stk,
Emmessís,,,B&J StrawberryCheeseCake,792.94,1069,stk,
Emmessís,,,B&J Sundae Marshmallow & s'more,834.84,1129,stk,
Emmessís,,8711327666962,B&J Sweet Mango Memories,834.84,1129,stk,
Emmessís,,8711327627086,B&J Vegan Choco Fudge Brownie,792.94,1069,stk,
Emmessís,,,B&J Vegan Cookies on Cookie Dough,761.16,1029,stk,
Emmessís,,,B&J Vegan Sundae Oat of this swirled,801.47,1079,stk,
Emmessís,,5690535150087,Bananatoppar 125ml,381.51,519,stk,
Emmessís,,5690535190106,Collab Ísnál Skógarberja 90ml,251.51,349,stk,
Emmessís,,,Daimtoppar 125ml,357.54,489,stk,
Emmessís,,,Djæf Daim 110ml,345.87,479,stk,
Emmessís,,,Djæf Vanillu 110ml,340.52,469,stk,
Emmessís,,5690535190038,Egils Appelsín ísnál 90ml,250.02,349,stk,
Emmessís,,5690535140675,Flipp Kista,1540.08,2059,stk,
Emmessís,,,Frisko Daim cone classic 160ml,342.58,469,stk,
Emmessís,,,Frisko Family Mix Hpk 7stk,751.51,969,stk,
Emmessís,,,Frisko Haribo Push Up 85ml,214.6,299,stk,
Emmessís,,8711327576957,Frisko Hpk ND Twister mini 50ml 6stk,528.13,689,stk,
Emmessís,,,Frisko Hpk ND Twister mini dream marsh,528.13,689,stk,
Emmessís,,,Frisko Hpk ND Twister mini Tropical,528.13,689,stk,
Emmessís,,,Frisko Hpk. Sandwich ís 6stk,753.88,969,stk,
Emmessís,,,Frisko Sandwich Ís 100ml,237.36,329,stk,
Emmessís,,,Frisko Twister Cosmixx 70ml,243.75,339,stk,
Emmessís,,,Frisko Twister Monster 70ml,213.19,299,stk,
Emmessís,,,Frisko Twister Peek-a-blue Hpk 5stk,481.44,629,stk,
Emmessís,,,Frisko Vegan Pineapple Twister Spirello,243.75,339,stk,
Emmessís,,5690535009354,G-ísblanda Vanillu 1ltr,1018.44,1269,stk,
Emmessís,,5690535170023,Gúffís Jarðarberja 250ml,357.91,489,stk,
Emmessís,,5690535170047,Gúffís Kandífloss 250ml,352.63,479,stk,
Emmessís,,5690535170016,Gúffís Súkkulaði 250ml,352.63,479,stk,
Emmessís,,5690535101126,Hátíðarís 1.3L,995.01,1179,stk,
Emmessís,,3415581114928,HD Salted Caramel 460ml,826.59,1109,stk,
Emmessís,,3415581105926,HD Strawberries & Cream 460ml,831.66,1119,stk,
Emmessís,,5690535150131,Hindberja og Saltlakkrístoppur 125ml,381.51,519,stk,
Emmessís,,5690535008814,Hnetutoppar 125ml,387.24,529,stk,
Emmessís,,,Hnetutoppskurl 70gr,267.88,369,stk,
Emmessís,,,Hpk. Ávaxtastöng 16stk,945.88,1219,stk,
Emmessís,,5690535142013,Hpk. Collab Ísnál Skógarberja 5stk 90ml,1003.8,1289,stk,
Emmessís,,,Hpk. Daimtoppar 4stk,970.96,1249,stk,
Emmessís,,,Hpk. Djæf Daim 4stk,707.54,909,stk,
Emmessís,,,Hpk. Djæf vanilla 4stk,728.79,939,stk,
Emmessís,,5690535140736,Hpk. Egils Appelsín Ísnál 10stk,706.58,909,stk,
Emmessís,,5690535141009,Hpk. Geim- og Geislapinni 6stk,565.92,729,stk,
Emmessís,,5690535140361,Hpk. Hindberja og Saltlakkrístoppur 4stk,1010.38,1299,stk,
Emmessís,,5690535008555,Hpk. Hnetutoppar 4stk,1010.38,1299,stk,
Emmessís,,,Hpk. Jarðarberjabangsi 10stk,779.28,999,stk,
Emmessís,,,Hpk. Hátíðar Karamellutoppur 4stk,959.91,1229,stk,
Emmessís,,,Hpk. Jóla Krakkanammitoppur,959.91,1229,stk,
Emmessís,,5690535140385,Hpk. Kanilsnúðatoppur 4stk,1010.38,1299,stk,
Emmessís,,5690535141016,Hpk. Litapinni 9stk,638.4,829,stk,
Emmessís,,5690535140262,Hpk. Opal saltlakkrístoppar,1010.38,1299,stk,
Emmessís,,5690535140194,Hpk. Regnbogastöng 16stk,936.39,1199,stk,
Emmessís,,5690535140330,Hpk. Siríus Saltkaramellutoppur,1010.38,1299,stk,
Emmessís,,,Hpk. Tívolí Lurkur 8stk,737.97,949,stk,
Emmessís,,5690535140804,Hpk. Trúðaís 8stk,746.53,959,stk,
Emmessís,,,Hpk. Vanillubangsi 10stk,779.28,999,stk,
Emmessís,,,Ísblóm Daim,602.94,779,stk,
Emmessís,,,Ísblóm Hrekkjavöku Hindberja 2025,757.66,979,stk,
Emmessís,,5690535120103,Ísblóm jarðarberja,726.55,939,stk,
Emmessís,,5690535120127,Ísblóm karamella,726.55,939,stk,
Emmessís,,,Ísblóm Piparmyntu,740.76,959,stk,
Emmessís,,5690535120158,Ísblóm Siríus saltkaramellukurl,726.55,939,stk,
Emmessís,,,Ísblóm Sörublóm 2025,1404.46,1799,stk,
Emmessís,,5690535120165,Ísblóm Te&Kaffi,726.55,939,stk,
Emmessís,,,Ísmolar 2kg,318.25,419,stk,
Emmessís,,,Ístrukkur 14pk,2101.6,2679,stk,
Emmessís,,5690535300062,Jarðarberjaíssósa,445.3,609,stk,
Emmessís,,5690535300079,Karamelluíssósa,445.3,609,stk,
Emmessís,,8711327640306,Magnum Bon Bon Salted Caramel&Almond,839.63,1129,stk,
Emmessís,,8711327640450,Magnum Bon Bon White Choc&Cookies,839.63,1129,stk,
Emmessís,,8711327639942,Magnum Bon Bon Gold Caramel,839.63,1129,stk,
Emmessís,,,Magnum askja Classic 110ml,358.05,489,stk,
Emmessís,,,Magnum Classic 110ml Hpk 3stk,633.9,819,stk,
Emmessís,,8711327480537,Magnum askja Double Gold Caram. Billionaire,366.38,499,stk,
Emmessís,,,Magnum Askja Mandel 100ml,359.06,489,stk,
Emmessís,,8711327667174,Magnum Utopia Double Hazelnut,366.38,499,stk,
Emmessís,,,Magnum White Choc&Strawberry,359.06,489,stk,
Emmessís,,,Magnum White Choco&Cookie 90ml,402.9,549,stk,
Emmessís,,5690535150063,Nammitoppar 125ml,387.24,529,stk,
Emmessís,,5690535150117,Opal saltlakkrístoppar 125ml,381.51,519,stk,
Emmessís,,5690535140682,Partíkista 16stk,1486.8,1989,stk,
Emmessís,,,Rjómaís Brúnköku 1.3L,834.02,989,stk,
Emmessís,,,Rjómaís Brúnköku 460ml,343.97,449,stk,
Emmessís,,,Rjómaís Daim 1.3L,834.02,989,stk,
Emmessís,,,Rjómaís daim 460ml,354.28,459,stk,
Emmessís,,,Rjómaís heslihnetusúkkulaði,904.57,1069,stk,
Emmessís,,,Rjómaís Hnetutoppur 1.3L,904.57,1069,stk,
Emmessís,,5690535101669,Rjómaís Hnetutoppur 460ml,713.89,919,stk,
Emmessís,,5690535101010,"Rjómaís Jarðarberja 1,3L",963.39,1139,stk,
Emmessís,,5690535101621,Rjómaís Nóakropp 460ml,713.89,919,stk,
Emmessís,,5690535101645,Rjómaís Síríus saltkaramellukurl 460ml,670.37,869,stk,
Emmessís,,5690535101027,Rjómaís Súkkulaði 1.3L,963.39,1139,stk,
Emmessís,,,Rjómaís Súkkulaði 460ml,354.28,459,stk,
Emmessís,,5690535101003,Rjómaís Vanilla 1.3L,963.39,1139,stk,
Emmessís,,,Rjómaís vanilla 460ml,343.97,449,stk,
Emmessís,,,Saltlakkríssósa 280ml,719.3,969,stk,
Emmessís,,5690535150124,Síríus Saltkaramellutoppur 125ml,387.24,529,stk,
Emmessís,,5690535170023,Sjeik Jarðarberja 250ml,352.63,479,stk,
Emmessís,,5690535170016,Sjeik súkkulaði 250ml,352.63,479,stk,
Emmessís,,,Skuggatoppur 125ml,345.87,479,stk,
Emmessís,,5690535101089,Sumarís 1.3L,963.39,1139,stk,
Emmessís,,5690535300055,Súkkulaðiíssósa,403.2,549,stk,
Emmessís,,,Tívolí Lurkar 95ml,185.93,259,stk,
Emmessís,,5690535008982,Trúðaís 90ml,292.34,399,stk,
Emmessís,,,Veisluís 1.3L,834.02,1119,stk,
